<?xml version="1.0" encoding="UTF-8"?>
<project-private xmlns="http://www.netbeans.org/ns/project-private/1">
    <editor-bookmarks xmlns="http://www.netbeans.org/ns/editor-bookmarks/2" lastBookmarkId="0"/>
    <open-files xmlns="http://www.netbeans.org/ns/projectui-open-files/2">
        <group>
            <file>file:/C:/Users/Vince/Desktop/teszt_04_17_01_55/dv_fdzk2z_nhf_java/src/nhf/ExportData.java</file>
            <file>file:/C:/Users/Vince/Desktop/teszt_04_17_01_55/dv_fdzk2z_nhf_java/src/nhf/tesztMain.java</file>
            <file>file:/C:/Users/Vince/Desktop/teszt_04_17_01_55/dv_fdzk2z_nhf_java/src/nhf/ImportData.java</file>
            <file>file:/C:/Users/Vince/Desktop/teszt_04_17_01_55/dv_fdzk2z_nhf_java/src/nhf/Contact.java</file>
        </group>
    </open-files>
</project-private>
